#OTU ID,Expected,Observed_Tier1,EVEN_TIER,Pct,Pct_number,Code,Phylum,Species,Ratio
OTU_1,4596.753505,46024,T1,44.19477813,T_PCT1,CBS158.61,Ascomycota,Acremonium kiliense,0.044140557
OTU_50,4596.753505,0,T1,0,T_PCT1,CBS158.61,Ascomycota,Acremonium kiliense,0.044140557
OTU_15,2433.575385,1675,T1,1.608427198,T_PCT1,CBS388.52,Ascomycota,Botryotinia sp.,0.02336853
OTU_33,2433.575385,0,T1,0,T_PCT1,CBS388.52,Ascomycota,Botryotinia sp.,0.02336853
OTU_3,5948.73983,0,T1,0,T_PCT1,CBS675.73,Chytridiomycota,Chytridium confervae,0.057123074
OTU_27,1388.039294,233,T1,0.223739425,T_PCT1,CBS100462,Ascomycota,Cladosporium sphaerospermum,0.013328717
OTU_43,1388.039294,25,T1,0.024006376,T_PCT1,CBS100462,Ascomycota,Cladosporium sphaerospermum,0.013328717
OTU_45,1388.039294,0,T1,0,T_PCT1,CBS100462,Ascomycota,Cladosporium sphaerospermum,0.013328717
OTU_52,1342.973083,2,T1,0.00192051,T_PCT1,CBS100462,Ascomycota,Cladosporium sphaerospermum,0.013328717
OTU_20,1140.175134,0,T1,0,T_PCT1,CBS124948,Ascomycota,Colletotrichum tropicale,0.010948589
OTU_11,4686.885927,2245,T1,2.155772573,T_PCT1,CBS121445,Ascomycota,Coniochaeta prunicola,0.045006059
OTU_29,4686.885927,0,T1,0,T_PCT1,CBS121445,Ascomycota,Coniochaeta prunicola,0.045006059
OTU_32,4686.885927,0,T1,0,T_PCT1,CBS121445,Ascomycota,Coniochaeta prunicola,0.045006059
OTU_41,4686.885927,0,T1,0,T_PCT1,CBS121445,Ascomycota,Coniochaeta prunicola,0.045006059
OTU_54,4686.885927,3,T1,0.002880765,T_PCT1,CBS121445,Ascomycota,Coniochaeta prunicola,0.045006059
OTU_22,4686.885927,852,T1,0.818137297,T_PCT1,CBS197.82,Ascomycota,Dendrothyrium variisporum,0.045006059
OTU_13,829.2182794,823,T1,0.790289901,T_PCT1,CBS161.73,Ascomycota,Epicoccum nigrum,0.00796261
OTU_14,829.2182794,0,T1,0,T_PCT1,CBS161.73,Ascomycota,Epicoccum nigrum,0.00796261
OTU_49,829.2182794,1,T1,0.000960255,T_PCT1,CBS161.73,Ascomycota,Epicoccum nigrum,0.00796261
OTU_30,1342.973083,0,T1,0,T_PCT1,CBS130337,Ascomycota,Fusarium torulosum,0.012895967
OTU_51,1342.973083,0,T1,0,T_PCT1,CBS130337,Ascomycota,Fusarium torulosum,0.012895967
OTU_53,1342.973083,0,T1,0,T_PCT1,CBS130337,Ascomycota,Fusarium torulosum,0.012895967
OTU_9,1342.973083,1802,T1,1.730379589,T_PCT1,CBS130337,Ascomycota,Fusarium torulosum,0.012895967
OTU_7,910.3374589,0,T1,0,T_PCT1,CBS107930,Basidiomycota,Hericium abietis,0.008741561
OTU_24,2451.601869,593,T1,0.569431241,T_PCT1,CBS130859,Ascomycota,Hypocrea orientalis,0.023541631
OTU_21,10455.36091,1372,T1,1.31746992,T_PCT1,CBS110123,Ascomycota,Lecanicillium muscarium,0.100398131
OTU_35,10455.36091,0,T1,0,T_PCT1,CBS110123,Ascomycota,Lecanicillium muscarium,0.100398131
OTU_17,1820.674918,930,T1,0.893037191,T_PCT1,CBS6001,Basidiomycota,Malassezia,0.017483123
OTU_42,4777.018349,308,T1,0.295758553,T_PCT1,CBS7744,Ascomycota,Metschnikowia agaves,0.04587156
OTU_5,4777.018349,5358,T1,5.145046524,T_PCT1,CBS7744,Ascomycota,Metschnikowia agaves,0.04587156
OTU_16,2794.105072,1848,T1,1.774551321,T_PCT1,CBS210.32,Zygomycota,Mortierella alpina,0.026830535
OTU_28,2740.025619,122,T1,0.117151115,T_PCT1,CBS122753,Ascomycota,Neophaeomoniella zymoides,0.026311234
OTU_4,10635.62576,23924,T1,22.97314167,T_PCT1,CBS251.37,Basidiomycota,Panaeolina foenisecii,0.102129133
OTU_23,2920.290462,486,T1,0.466683951,T_PCT1,CBS186.71,Ascomycota,Pestalotiopsis chamaeropis,0.028042236
OTU_2,423.6223819,1923,T1,1.846570449,T_PCT1,P3112,Basidiomycota,Pucciniomycotina,0.004067855
OTU_18,2559.760775,0,T1,0,T_PCT1,CBS352,Ascomycota,Schizosaccharomyces pombe,0.024580232
OTU_19,2559.760775,2117,T1,2.032859928,T_PCT1,CBS352,Ascomycota,Schizosaccharomyces pombe,0.024580232
OTU_31,2559.760775,0,T1,0,T_PCT1,CBS352,Ascomycota,Schizosaccharomyces pombe,0.024580232
OTU_34,2559.760775,0,T1,0,T_PCT1,CBS352,Ascomycota,Schizosaccharomyces pombe,0.024580232
OTU_40,2559.760775,0,T1,0,T_PCT1,CBS352,Ascomycota,Schizosaccharomyces pombe,0.024580232
OTU_46,2559.760775,0,T1,0,T_PCT1,CBS352,Ascomycota,Schizosaccharomyces pombe,0.024580232
OTU_48,2559.760775,0,T1,0,T_PCT1,CBS352,Ascomycota,Schizosaccharomyces pombe,0.024580232
OTU_37,2920.290462,0,T1,0,T_PCT1,CBS116499,Ascomycota,Seimatosporium lonicerae,0.051064566
OTU_39,5317.812879,0,T1,0,T_PCT1,CBS116499,Ascomycota,Seimatosporium lonicerae,0.051064566
OTU_6,5317.812879,4292,T1,4.121414648,T_PCT1,CBS116499,Ascomycota,Seimatosporium lonicerae,0.051064566
OTU_12,937.3771854,627,T1,0.602079912,T_PCT1,CBS408.71,Basidiomycota,Sparassis crispa,0.009001212
OTU_36,8247.116583,0,T1,0,T_PCT1,CBS107.57,Basidiomycota,Suillus brevipes,0.079193353
OTU_26,1928.833824,0,T1,0,T_PCT1,CBS6965,Basidiomycota,Tremella aurantia,0.018521724
OTU_8,1928.833824,6415,T1,6.160036106,T_PCT1,CBS6965,Basidiomycota,Tremella aurantia,0.018521724
OTU_38,946.3904276,0,T1,0,T_PCT1,CBS119120,Ascomycota,Trichoderma theobromicola,0.009087762
OTU_55,946.3904276,0,T1,0,T_PCT1,CBS119120,Ascomycota,Trichoderma theobromicola,0.009087762
OTU_47,2325.416479,4,T1,0.00384102,T_PCT1,CBS385.35,Ascomycota,Xylaria mali,0.022329929
OTU_10,0,0,T1,0,T_PCT1,,,,
OTU_25,0,128,T1,0.122912646,T_PCT1,,,,
OTU_44,0,7,T1,0.006721785,T_PCT1,,,,
OTU_1,3410.652588,30771,T2,39.82373039,T_PCT2,CBS158.61,Ascomycota,Acremonium kiliense,0.044140557
OTU_50,3410.652588,0,T2,0,T_PCT2,CBS158.61,Ascomycota,Acremonium kiliense,0.044140557
OTU_15,1805.639605,1834,T2,2.373556971,T_PCT2,CBS388.52,Ascomycota,Botryotinia sp.,0.02336853
OTU_33,1805.639605,0,T2,0,T_PCT2,CBS388.52,Ascomycota,Botryotinia sp.,0.02336853
OTU_3,4413.785702,0,T2,0,T_PCT2,CBS675.73,Chytridiomycota,Chytridium confervae,0.057123074
OTU_27,1029.88333,280,T2,0.36237511,T_PCT2,CBS100462,Ascomycota,Cladosporium sphaerospermum,0.013328717
OTU_43,1029.88333,2,T2,0.002588394,T_PCT2,CBS100462,Ascomycota,Cladosporium sphaerospermum,0.013328717
OTU_45,1029.88333,0,T2,0,T_PCT2,CBS100462,Ascomycota,Cladosporium sphaerospermum,0.013328717
OTU_52,996.44556,5,T2,0.006470984,T_PCT2,CBS100462,Ascomycota,Cladosporium sphaerospermum,0.013328717
OTU_20,845.9755929,0,T2,0,T_PCT2,CBS124948,Ascomycota,Colletotrichum tropicale,0.010948589
OTU_11,3477.528129,2510,T2,3.248434022,T_PCT2,CBS121445,Ascomycota,Coniochaeta prunicola,0.045006059
OTU_29,3477.528129,0,T2,0,T_PCT2,CBS121445,Ascomycota,Coniochaeta prunicola,0.045006059
OTU_32,3477.528129,0,T2,0,T_PCT2,CBS121445,Ascomycota,Coniochaeta prunicola,0.045006059
OTU_41,3477.528129,0,T2,0,T_PCT2,CBS121445,Ascomycota,Coniochaeta prunicola,0.045006059
OTU_54,3477.528129,1,T2,0.001294197,T_PCT2,CBS121445,Ascomycota,Coniochaeta prunicola,0.045006059
OTU_22,3477.528129,665,T2,0.860640886,T_PCT2,CBS197.82,Ascomycota,Dendrothyrium variisporum,0.045006059
OTU_13,615.2549766,801,T2,1.036651654,T_PCT2,CBS161.73,Ascomycota,Epicoccum nigrum,0.00796261
OTU_14,615.2549766,0,T2,0,T_PCT2,CBS161.73,Ascomycota,Epicoccum nigrum,0.00796261
OTU_49,615.2549766,3,T2,0.00388259,T_PCT2,CBS161.73,Ascomycota,Epicoccum nigrum,0.00796261
OTU_30,996.44556,0,T2,0,T_PCT2,CBS130337,Ascomycota,Fusarium torulosum,0.012895967
OTU_51,996.44556,1,T2,0.001294197,T_PCT2,CBS130337,Ascomycota,Fusarium torulosum,0.012895967
OTU_53,996.44556,0,T2,0,T_PCT2,CBS130337,Ascomycota,Fusarium torulosum,0.012895967
OTU_9,996.44556,1820,T2,2.355438215,T_PCT2,CBS130337,Ascomycota,Fusarium torulosum,0.012895967
OTU_7,675.4429635,0,T2,0,T_PCT2,CBS107930,Basidiomycota,Hericium abietis,0.008741561
OTU_24,1819.014714,519,T2,0.67168815,T_PCT2,CBS130859,Ascomycota,Hypocrea orientalis,0.023541631
OTU_21,7757.562749,1048,T2,1.356318269,T_PCT2,CBS110123,Ascomycota,Lecanicillium muscarium,0.100398131
OTU_35,7757.562749,0,T2,0,T_PCT2,CBS110123,Ascomycota,Lecanicillium muscarium,0.100398131
OTU_17,1350.885927,896,T2,1.159600352,T_PCT2,CBS6001,Basidiomycota,Malassezia,0.017483123
OTU_42,3544.40367,210,T2,0.271781333,T_PCT2,CBS7744,Ascomycota,Metschnikowia agaves,0.04587156
OTU_5,3544.40367,4102,T2,5.308795362,T_PCT2,CBS7744,Ascomycota,Metschnikowia agaves,0.04587156
OTU_16,2073.141769,1893,T2,2.449914583,T_PCT2,CBS210.32,Zygomycota,Mortierella alpina,0.026830535
OTU_28,2033.016445,122,T2,0.157892012,T_PCT2,CBS122753,Ascomycota,Neophaeomoniella zymoides,0.026311234
OTU_4,7891.313831,18248,T2,23.6165036,T_PCT2,CBS251.37,Basidiomycota,Panaeolina foenisecii,0.102129133
OTU_23,2166.767526,626,T2,0.81016721,T_PCT2,CBS186.71,Ascomycota,Pestalotiopsis chamaeropis,0.028042236
OTU_2,314.3150424,1839,T2,2.380027955,T_PCT2,P3112,Basidiomycota,Pucciniomycotina,0.004067855
OTU_18,1899.265363,0,T2,0,T_PCT2,CBS352,Ascomycota,Schizosaccharomyces pombe,0.024580232
OTU_19,1899.265363,1868,T2,2.417559662,T_PCT2,CBS352,Ascomycota,Schizosaccharomyces pombe,0.024580232
OTU_31,1899.265363,0,T2,0,T_PCT2,CBS352,Ascomycota,Schizosaccharomyces pombe,0.024580232
OTU_34,1899.265363,0,T2,0,T_PCT2,CBS352,Ascomycota,Schizosaccharomyces pombe,0.024580232
OTU_40,1899.265363,0,T2,0,T_PCT2,CBS352,Ascomycota,Schizosaccharomyces pombe,0.024580232
OTU_46,1899.265363,3,T2,0.00388259,T_PCT2,CBS352,Ascomycota,Schizosaccharomyces pombe,0.024580232
OTU_48,1899.265363,0,T2,0,T_PCT2,CBS352,Ascomycota,Schizosaccharomyces pombe,0.024580232
OTU_37,2166.767526,0,T2,0,T_PCT2,CBS116499,Ascomycota,Seimatosporium lonicerae,0.051064566
OTU_39,3945.656915,0,T2,0,T_PCT2,CBS116499,Ascomycota,Seimatosporium lonicerae,0.051064566
OTU_6,3945.656915,4261,T2,5.514572656,T_PCT2,CBS116499,Ascomycota,Seimatosporium lonicerae,0.051064566
OTU_12,695.5056258,455,T2,0.588859554,T_PCT2,CBS408.71,Basidiomycota,Sparassis crispa,0.009001212
OTU_36,6119.111996,69,T2,0.089299581,T_PCT2,CBS107.57,Basidiomycota,Suillus brevipes,0.079193353
OTU_26,1431.136576,0,T2,0,T_PCT2,CBS6965,Basidiomycota,Tremella aurantia,0.018521724
OTU_8,1431.136576,2271,T2,2.939120982,T_PCT2,CBS6965,Basidiomycota,Tremella aurantia,0.018521724
OTU_38,702.1931799,0,T2,0,T_PCT2,CBS119120,Ascomycota,Trichoderma theobromicola,0.009087762
OTU_55,702.1931799,0,T2,0,T_PCT2,CBS119120,Ascomycota,Trichoderma theobromicola,0.009087762
OTU_47,1725.388956,13,T2,0.016824559,T_PCT2,CBS385.35,Ascomycota,Xylaria mali,0.022329929
OTU_10,0,0,T2,0,T_PCT2,,,,
OTU_25,0,131,T2,0.169539784,T_PCT2,,,,
OTU_44,0,1,T2,0.001294197,T_PCT2,,,,
OTU_1,2861.853038,26390,T3,40.70332382,T_PCT3,CBS158.61,Ascomycota,Acremonium kiliense,0.044140557
OTU_50,2861.853038,0,T3,0,T_PCT3,CBS158.61,Ascomycota,Acremonium kiliense,0.044140557
OTU_15,1515.098667,1456,T3,2.245700625,T_PCT3,CBS388.52,Ascomycota,Botryotinia sp.,0.02336853
OTU_33,1515.098667,0,T3,0,T_PCT3,CBS388.52,Ascomycota,Botryotinia sp.,0.02336853
OTU_3,3703.57452,0,T3,0,T_PCT3,CBS675.73,Chytridiomycota,Chytridium confervae,0.057123074
OTU_27,864.1673879,227,T3,0.350119534,T_PCT3,CBS100462,Ascomycota,Cladosporium sphaerospermum,0.013328717
OTU_43,864.1673879,0,T3,0,T_PCT3,CBS100462,Ascomycota,Cladosporium sphaerospermum,0.013328717
OTU_45,864.1673879,0,T3,0,T_PCT3,CBS100462,Ascomycota,Cladosporium sphaerospermum,0.013328717
OTU_52,836.1100052,0,T3,0,T_PCT3,CBS100462,Ascomycota,Cladosporium sphaerospermum,0.013328717
OTU_20,709.8517829,0,T3,0,T_PCT3,CBS124948,Ascomycota,Colletotrichum tropicale,0.010948589
OTU_11,2917.967803,1994,T3,3.075499344,T_PCT3,CBS121445,Ascomycota,Coniochaeta prunicola,0.045006059
OTU_29,2917.967803,0,T3,0,T_PCT3,CBS121445,Ascomycota,Coniochaeta prunicola,0.045006059
OTU_32,2917.967803,0,T3,0,T_PCT3,CBS121445,Ascomycota,Coniochaeta prunicola,0.045006059
OTU_41,2917.967803,0,T3,0,T_PCT3,CBS121445,Ascomycota,Coniochaeta prunicola,0.045006059
OTU_54,2917.967803,1,T3,0.001542377,T_PCT3,CBS121445,Ascomycota,Coniochaeta prunicola,0.045006059
OTU_22,2917.967803,611,T3,0.942392226,T_PCT3,CBS197.82,Ascomycota,Dendrothyrium variisporum,0.045006059
OTU_13,516.2558421,726,T3,1.119765559,T_PCT3,CBS161.73,Ascomycota,Epicoccum nigrum,0.00796261
OTU_14,516.2558421,0,T3,0,T_PCT3,CBS161.73,Ascomycota,Epicoccum nigrum,0.00796261
OTU_49,516.2558421,2,T3,0.003084754,T_PCT3,CBS161.73,Ascomycota,Epicoccum nigrum,0.00796261
OTU_30,836.1100052,0,T3,0,T_PCT3,CBS130337,Ascomycota,Fusarium torulosum,0.012895967
OTU_51,836.1100052,0,T3,0,T_PCT3,CBS130337,Ascomycota,Fusarium torulosum,0.012895967
OTU_53,836.1100052,0,T3,0,T_PCT3,CBS130337,Ascomycota,Fusarium torulosum,0.012895967
OTU_9,836.1100052,1566,T3,2.415362073,T_PCT3,CBS130337,Ascomycota,Fusarium torulosum,0.012895967
OTU_7,566.759131,0,T3,0,T_PCT3,CBS107930,Basidiomycota,Hericium abietis,0.008741561
OTU_24,1526.32162,413,T3,0.637001619,T_PCT3,CBS130859,Ascomycota,Hypocrea orientalis,0.023541631
OTU_21,6509.312792,826,T3,1.274003239,T_PCT3,CBS110123,Ascomycota,Lecanicillium muscarium,0.100398131
OTU_35,6509.312792,0,T3,0,T_PCT3,CBS110123,Ascomycota,Lecanicillium muscarium,0.100398131
OTU_17,1133.518262,814,T3,1.255494717,T_PCT3,CBS6001,Basidiomycota,Malassezia,0.017483123
OTU_42,2974.082569,194,T3,0.2992211,T_PCT3,CBS7744,Ascomycota,Metschnikowia agaves,0.04587156
OTU_5,2974.082569,3550,T3,5.475437649,T_PCT3,CBS7744,Ascomycota,Metschnikowia agaves,0.04587156
OTU_16,1739.557729,1565,T3,2.413819696,T_PCT3,CBS210.32,Zygomycota,Mortierella alpina,0.026830535
OTU_28,1705.88887,89,T3,0.137271535,T_PCT3,CBS122753,Ascomycota,Neophaeomoniella zymoides,0.026311234
OTU_4,6621.542323,14995,T3,23.12794016,T_PCT3,CBS251.37,Basidiomycota,Panaeolina foenisecii,0.102129133
OTU_23,1818.118401,548,T3,0.845222488,T_PCT3,CBS186.71,Ascomycota,Pestalotiopsis chamaeropis,0.028042236
OTU_2,263.7393976,1476,T3,2.276548161,T_PCT3,P3112,Basidiomycota,Pucciniomycotina,0.004067855
OTU_18,1593.659339,0,T3,0,T_PCT3,CBS352,Ascomycota,Schizosaccharomyces pombe,0.024580232
OTU_19,1593.659339,1344,T3,2.072954423,T_PCT3,CBS352,Ascomycota,Schizosaccharomyces pombe,0.024580232
OTU_31,1593.659339,0,T3,0,T_PCT3,CBS352,Ascomycota,Schizosaccharomyces pombe,0.024580232
OTU_34,1593.659339,0,T3,0,T_PCT3,CBS352,Ascomycota,Schizosaccharomyces pombe,0.024580232
OTU_40,1593.659339,0,T3,0,T_PCT3,CBS352,Ascomycota,Schizosaccharomyces pombe,0.024580232
OTU_46,1593.659339,0,T3,0,T_PCT3,CBS352,Ascomycota,Schizosaccharomyces pombe,0.024580232
OTU_48,1593.659339,0,T3,0,T_PCT3,CBS352,Ascomycota,Schizosaccharomyces pombe,0.024580232
OTU_37,1818.118401,0,T3,0,T_PCT3,CBS116499,Ascomycota,Seimatosporium lonicerae,0.051064566
OTU_39,3310.771162,0,T3,0,T_PCT3,CBS116499,Ascomycota,Seimatosporium lonicerae,0.051064566
OTU_6,3310.771162,3524,T3,5.435335853,T_PCT3,CBS116499,Ascomycota,Seimatosporium lonicerae,0.051064566
OTU_12,583.5935607,348,T3,0.536747127,T_PCT3,CBS408.71,Basidiomycota,Sparassis crispa,0.009001212
OTU_36,5134.501039,62,T3,0.095627362,T_PCT3,CBS107.57,Basidiomycota,Suillus brevipes,0.079193353
OTU_26,1200.855981,0,T3,0,T_PCT3,CBS6965,Basidiomycota,Tremella aurantia,0.018521724
OTU_8,1200.855981,2026,T3,3.124855402,T_PCT3,CBS6965,Basidiomycota,Tremella aurantia,0.018521724
OTU_38,589.2050372,0,T3,0,T_PCT3,CBS119120,Ascomycota,Trichoderma theobromicola,0.009087762
OTU_55,589.2050372,0,T3,0,T_PCT3,CBS119120,Ascomycota,Trichoderma theobromicola,0.009087762
OTU_47,1447.760949,5,T3,0.007711884,T_PCT3,CBS385.35,Ascomycota,Xylaria mali,0.022329929
OTU_10,0,0,T3,0,T_PCT3,,,,
OTU_25,0,81,T3,0.124932521,T_PCT3,,,,
OTU_44,0,2,T3,0.003084754,T_PCT3,,,,
OTU_1,4362.455427,25753,E1,26.0576135,E_PCT1,CBS158.61,Ascomycota,Acremonium kiliense,0.044140557
OTU_10,0,0,E1,0,E_PCT1,,,,
OTU_11,4447.993768,493,E1,0.498831338,E_PCT1,CBS121445,Ascomycota,Coniochaeta prunicola,0.045006059
OTU_12,889.5987537,3197,E1,3.234814987,E_PCT1,CBS408.71,Basidiomycota,Sparassis crispa,0.009001212
OTU_13,786.9527436,4099,E1,4.147484089,E_PCT1,CBS161.73,Ascomycota,Epicoccum nigrum,0.00796261
OTU_14,786.9527436,0,E1,0,E_PCT1,CBS161.73,Ascomycota,Epicoccum nigrum,0.00796261
OTU_15,2309.535226,2016,E1,2.039845797,E_PCT1,CBS388.52,Ascomycota,Botryotinia sp.,0.02336853
OTU_16,2651.688593,910,E1,0.920763728,E_PCT1,CBS210.32,Zygomycota,Mortierella alpina,0.026830535
OTU_17,1727.874502,1484,E1,1.501553156,E_PCT1,CBS6001,Basidiomycota,Malassezia,0.017483123
OTU_18,2429.288904,0,E1,0,E_PCT1,CBS352,Ascomycota,Schizosaccharomyces pombe,0.024580232
OTU_19,2429.288904,237,E1,0.239803301,E_PCT1,CBS352,Ascomycota,Schizosaccharomyces pombe,0.024580232
OTU_2,402.030206,27082,E1,27.40233328,E_PCT1,P3112,Basidiomycota,Pucciniomycotina,0.004067855
OTU_20,1082.060023,1436,E1,1.452985399,E_PCT1,CBS124948,Ascomycota,Colletotrichum tropicale,0.010948589
OTU_21,9922.447637,353,E1,0.35717538,E_PCT1,CBS110123,Ascomycota,Lecanicillium muscarium,0.100398131
OTU_22,4447.993768,657,E1,0.664771175,E_PCT1,CBS197.82,Ascomycota,Dendrothyrium variisporum,0.045006059
OTU_23,2771.442271,210,E1,0.212483937,E_PCT1,CBS186.71,Ascomycota,Pestalotiopsis chamaeropis,0.028042236
OTU_24,2326.642894,396,E1,0.400683996,E_PCT1,CBS130859,Ascomycota,Hypocrea orientalis,0.023541631
OTU_25,0,821,E1,0.830711012,E_PCT1,,,,
OTU_26,1830.520512,0,E1,0,E_PCT1,CBS6965,Basidiomycota,Tremella aurantia,0.018521724
OTU_27,1317.290462,484,E1,0.489724884,E_PCT1,CBS100462,Ascomycota,Cladosporium sphaerospermum,0.013328717
OTU_28,2600.365588,147,E1,0.148738756,E_PCT1,CBS122753,Ascomycota,Neophaeomoniella zymoides,0.026311234
OTU_29,4447.993768,0,E1,0,E_PCT1,CBS121445,Ascomycota,Coniochaeta prunicola,0.045006059
OTU_3,5645.530552,0,E1,0,E_PCT1,CBS675.73,Chytridiomycota,Chytridium confervae,0.057123074
OTU_30,1274.521291,0,E1,0,E_PCT1,CBS130337,Ascomycota,Fusarium torulosum,0.012895967
OTU_31,2429.288904,0,E1,0,E_PCT1,CBS352,Ascomycota,Schizosaccharomyces pombe,0.024580232
OTU_32,4447.993768,0,E1,0,E_PCT1,CBS121445,Ascomycota,Coniochaeta prunicola,0.045006059
OTU_33,2309.535226,0,E1,0,E_PCT1,CBS388.52,Ascomycota,Botryotinia sp.,0.02336853
OTU_34,2429.288904,0,E1,0,E_PCT1,CBS352,Ascomycota,Schizosaccharomyces pombe,0.024580232
OTU_35,9922.447637,0,E1,0,E_PCT1,CBS110123,Ascomycota,Lecanicillium muscarium,0.100398131
OTU_36,7826.758266,23,E1,0.02327205,E_PCT1,CBS107.57,Basidiomycota,Suillus brevipes,0.079193353
OTU_37,2771.44,0,E1,0,E_PCT1,CBS116499,Ascomycota,Seimatosporium lonicerae,0.051064566
OTU_38,898.1525878,0,E1,0,E_PCT1,CBS119120,Ascomycota,Trichoderma theobromicola,0.009087762
OTU_39,5046.76216,0,E1,0,E_PCT1,CBS116499,Ascomycota,Seimatosporium lonicerae,0.051064566
OTU_4,10093.52432,3443,E1,3.483724742,E_PCT1,CBS251.37,Basidiomycota,Panaeolina foenisecii,0.102129133
OTU_40,2429.288904,0,E1,0,E_PCT1,CBS352,Ascomycota,Schizosaccharomyces pombe,0.024580232
OTU_41,4447.993768,0,E1,0,E_PCT1,CBS121445,Ascomycota,Coniochaeta prunicola,0.045006059
OTU_42,4533.53211,407,E1,0.411814107,E_PCT1,CBS7744,Ascomycota,Metschnikowia agaves,0.04587156
OTU_43,1317.290462,5,E1,0.005059141,E_PCT1,CBS100462,Ascomycota,Cladosporium sphaerospermum,0.013328717
OTU_44,0,15,E1,0.015177424,E_PCT1,,,,
OTU_45,1317.290462,18,E1,0.018212909,E_PCT1,CBS100462,Ascomycota,Cladosporium sphaerospermum,0.013328717
OTU_46,2429.288904,10,E1,0.010118283,E_PCT1,CBS352,Ascomycota,Schizosaccharomyces pombe,0.024580232
OTU_47,2206.889216,8,E1,0.008094626,E_PCT1,CBS385.35,Ascomycota,Xylaria mali,0.022329929
OTU_48,2429.288904,0,E1,0,E_PCT1,CBS352,Ascomycota,Schizosaccharomyces pombe,0.024580232
OTU_49,786.9527436,0,E1,-0.001011828,E_PCT1,CBS161.73,Ascomycota,Epicoccum nigrum,0.00796261
OTU_5,4533.53211,7404,E1,7.49157653,E_PCT1,CBS7744,Ascomycota,Metschnikowia agaves,0.04587156
OTU_50,4362.455427,5,E1,0.005059141,E_PCT1,CBS158.61,Ascomycota,Acremonium kiliense,0.044140557
OTU_51,1274.521291,1,E1,0.001011828,E_PCT1,CBS130337,Ascomycota,Fusarium torulosum,0.012895967
OTU_52,1274.521291,0,E1,0,E_PCT1,CBS100462,Ascomycota,Cladosporium sphaerospermum,0.013328717
OTU_53,1274.521291,3,E1,0.003035485,E_PCT1,CBS130337,Ascomycota,Fusarium torulosum,0.012895967
OTU_54,4447.993768,3,E1,0.003035485,E_PCT1,CBS121445,Ascomycota,Coniochaeta prunicola,0.045006059
OTU_55,898.1525878,0,E1,0,E_PCT1,CBS119120,Ascomycota,Trichoderma theobromicola,0.009087762
OTU_6,5046.76216,3457,E1,3.497890338,E_PCT1,CBS116499,Ascomycota,Seimatosporium lonicerae,0.051064566
OTU_7,863.9372512,4268,E1,4.318483067,E_PCT1,CBS107930,Basidiomycota,Hericium abietis,0.008741561
OTU_8,1830.520512,4298,E1,4.348837915,E_PCT1,CBS6965,Basidiomycota,Tremella aurantia,0.018521724
OTU_9,1274.521291,5689,E1,5.756291042,E_PCT1,CBS130337,Ascomycota,Fusarium torulosum,0.012895967
OTU_1,4388.05695,30014,E2,30.19182988,E_PCT2,CBS158.61,Ascomycota,Acremonium kiliense,0.044140557
OTU_10,0,0,E2,0,E_PCT2,,,,
OTU_11,4474.097282,-372,E2,-0.374204062,E_PCT2,CBS121445,Ascomycota,Coniochaeta prunicola,0.045006059
OTU_12,894.8194565,4522,E2,4.548792387,E_PCT2,CBS408.71,Basidiomycota,Sparassis crispa,0.009001212
OTU_13,791.5710576,2912,E2,2.929253302,E_PCT2,CBS161.73,Ascomycota,Epicoccum nigrum,0.00796261
OTU_14,791.5710576,0,E2,0,E_PCT2,CBS161.73,Ascomycota,Epicoccum nigrum,0.00796261
OTU_15,2323.088974,938,E2,0.943557554,E_PCT2,CBS388.52,Ascomycota,Botryotinia sp.,0.02336853
OTU_16,2667.250303,547,E2,0.550240919,E_PCT2,CBS210.32,Zygomycota,Mortierella alpina,0.026830535
OTU_17,1738.014714,2065,E2,2.077234914,E_PCT2,CBS6001,Basidiomycota,Malassezia,0.017483123
OTU_18,2443.545439,0,E2,0,E_PCT2,CBS352,Ascomycota,Schizosaccharomyces pombe,0.024580232
OTU_19,2443.545439,131,E2,0.131776162,E_PCT2,CBS352,Ascomycota,Schizosaccharomyces pombe,0.024580232
OTU_2,404.3895621,21500,E2,21.6273853,E_PCT2,P3112,Basidiomycota,Pucciniomycotina,0.004067855
OTU_20,1088.410204,1426,E2,1.434448904,E_PCT2,CBS124948,Ascomycota,Colletotrichum tropicale,0.010948589
OTU_21,9980.678553,307,E2,0.308818944,E_PCT2,CBS110123,Ascomycota,Lecanicillium muscarium,0.100398131
OTU_22,4474.097282,288,E2,0.289706371,E_PCT2,CBS197.82,Ascomycota,Dendrothyrium variisporum,0.045006059
OTU_23,2787.706768,23,E2,0.023136273,E_PCT2,CBS186.71,Ascomycota,Pestalotiopsis chamaeropis,0.028042236
OTU_24,2340.29704,195,E2,0.196155355,E_PCT2,CBS130859,Ascomycota,Hypocrea orientalis,0.023541631
OTU_25,0,1158,E2,1.164861031,E_PCT2,,,,
OTU_26,1841.263112,0,E2,0,E_PCT2,CBS6965,Basidiomycota,Tremella aurantia,0.018521724
OTU_27,1325.021118,138,E2,0.138817636,E_PCT2,CBS100462,Ascomycota,Cladosporium sphaerospermum,0.013328717
OTU_28,2615.626104,79,E2,0.079468067,E_PCT2,CBS122753,Ascomycota,Neophaeomoniella zymoides,0.026311234
OTU_29,4474.097282,0,E2,0,E_PCT2,CBS121445,Ascomycota,Coniochaeta prunicola,0.045006059
OTU_3,5678.661935,0,E2,0,E_PCT2,CBS675.73,Chytridiomycota,Chytridium confervae,0.057123074
OTU_30,1282.000952,0,E2,0,E_PCT2,CBS130337,Ascomycota,Fusarium torulosum,0.012895967
OTU_31,2443.545439,0,E2,0,E_PCT2,CBS352,Ascomycota,Schizosaccharomyces pombe,0.024580232
OTU_32,4474.097282,0,E2,0,E_PCT2,CBS121445,Ascomycota,Coniochaeta prunicola,0.045006059
OTU_33,2323.088974,0,E2,0,E_PCT2,CBS388.52,Ascomycota,Botryotinia sp.,0.02336853
OTU_34,2443.545439,0,E2,0,E_PCT2,CBS352,Ascomycota,Schizosaccharomyces pombe,0.024580232
OTU_35,9980.678553,0,E2,0,E_PCT2,CBS110123,Ascomycota,Lecanicillium muscarium,0.100398131
OTU_36,7872.69041,18,E2,0.018106648,E_PCT2,CBS107.57,Basidiomycota,Suillus brevipes,0.079193353
OTU_37,2787.706768,0,E2,0,E_PCT2,CBS116499,Ascomycota,Seimatosporium lonicerae,0.051064566
OTU_38,903.4234897,0,E2,0,E_PCT2,CBS119120,Ascomycota,Trichoderma theobromicola,0.009087762
OTU_39,5076.379609,0,E2,0,E_PCT2,CBS116499,Ascomycota,Seimatosporium lonicerae,0.051064566
OTU_4,10152.75922,2235,E2,2.248242146,E_PCT2,CBS251.37,Basidiomycota,Panaeolina foenisecii,0.102129133
OTU_40,2443.545439,0,E2,0,E_PCT2,CBS352,Ascomycota,Schizosaccharomyces pombe,0.024580232
OTU_41,4474.097282,0,E2,0,E_PCT2,CBS121445,Ascomycota,Coniochaeta prunicola,0.045006059
OTU_42,4560.137615,520,E2,0.523080947,E_PCT2,CBS7744,Ascomycota,Metschnikowia agaves,0.04587156
OTU_43,1325.021118,21,E2,0.021124423,E_PCT2,CBS100462,Ascomycota,Cladosporium sphaerospermum,0.013328717
OTU_44,0,6,E2,0.006035549,E_PCT2,,,,
OTU_45,1325.021118,1,E2,0.001005925,E_PCT2,CBS100462,Ascomycota,Cladosporium sphaerospermum,0.013328717
OTU_46,2443.545439,1,E2,0.001005925,E_PCT2,CBS352,Ascomycota,Schizosaccharomyces pombe,0.024580232
OTU_47,2219.840575,0,E2,0,E_PCT2,CBS385.35,Ascomycota,Xylaria mali,0.022329929
OTU_48,2443.545439,0,E2,0,E_PCT2,CBS352,Ascomycota,Schizosaccharomyces pombe,0.024580232
OTU_49,791.5710576,0,E2,0,E_PCT2,CBS161.73,Ascomycota,Epicoccum nigrum,0.00796261
OTU_5,4560.137615,10021,E2,10.0803734,E_PCT2,CBS7744,Ascomycota,Metschnikowia agaves,0.04587156
OTU_50,4388.05695,5,E2,0.005029624,E_PCT2,CBS158.61,Ascomycota,Acremonium kiliense,0.044140557
OTU_51,1282.000952,0,E2,0,E_PCT2,CBS130337,Ascomycota,Fusarium torulosum,0.012895967
OTU_52,1282.000952,6,E2,0.006035549,E_PCT2,CBS100462,Ascomycota,Cladosporium sphaerospermum,0.013328717
OTU_53,1282.000952,2,E2,0.00201185,E_PCT2,CBS130337,Ascomycota,Fusarium torulosum,0.012895967
OTU_54,4474.097282,4,E2,0.0040237,E_PCT2,CBS121445,Ascomycota,Coniochaeta prunicola,0.045006059
OTU_55,903.4234897,0,E2,0,E_PCT2,CBS119120,Ascomycota,Trichoderma theobromicola,0.009087762
OTU_6,5076.379609,6329,E2,6.366498677,E_PCT2,CBS116499,Ascomycota,Seimatosporium lonicerae,0.051064566
OTU_7,869.0073568,4077,E2,4.101155808,E_PCT2,CBS107930,Basidiomycota,Hericium abietis,0.008741561
OTU_8,1841.263112,7694,E2,7.739586162,E_PCT2,CBS6965,Basidiomycota,Tremella aurantia,0.018521724
OTU_9,1282.000952,2600,E2,2.615404734,E_PCT2,CBS130337,Ascomycota,Fusarium torulosum,0.012895967
OTU_1,4403.10888,24688,E3,24.74937846,E_PCT3,CBS158.61,Ascomycota,Acremonium kiliense,0.044140557
OTU_10,0,0,E3,0,E_PCT3,,,,
OTU_11,4489.444348,608,E3,0.609511589,E_PCT3,CBS121445,Ascomycota,Coniochaeta prunicola,0.045006059
OTU_12,897.8888697,3343,E3,3.351311252,E_PCT3,CBS408.71,Basidiomycota,Sparassis crispa,0.009001212
OTU_13,794.2863078,3981,E3,3.990897426,E_PCT3,CBS161.73,Ascomycota,Epicoccum nigrum,0.00796261
OTU_14,794.2863078,0,E3,0,E_PCT3,CBS161.73,Ascomycota,Epicoccum nigrum,0.00796261
OTU_15,2331.057642,2132,E3,2.137300505,E_PCT3,CBS388.52,Ascomycota,Botryotinia sp.,0.02336853
OTU_16,2676.399515,967,E3,0.969404122,E_PCT3,CBS210.32,Zygomycota,Mortierella alpina,0.026830535
OTU_17,1743.976458,1453,E3,1.456612399,E_PCT3,CBS6001,Basidiomycota,Malassezia,0.017483123
OTU_18,2451.927298,0,E3,0,E_PCT3,CBS352,Ascomycota,Schizosaccharomyces pombe,0.024580232
OTU_19,2451.927298,292,E3,0.29272596,E_PCT3,CBS352,Ascomycota,Schizosaccharomyces pombe,0.024580232
OTU_2,405.7767007,28919,E3,28.99089743,E_PCT3,P3112,Basidiomycota,Pucciniomycotina,0.004067855
OTU_20,1092.143673,1396,E3,1.399470687,E_PCT3,CBS124948,Ascomycota,Colletotrichum tropicale,0.010948589
OTU_21,10014.91432,402,E3,0.402999439,E_PCT3,CBS110123,Ascomycota,Lecanicillium muscarium,0.100398131
OTU_22,4489.444348,600,E3,0.601491699,E_PCT3,CBS197.82,Ascomycota,Dendrothyrium variisporum,0.045006059
OTU_23,2797.269171,218,E3,0.218541984,E_PCT3,CBS186.71,Ascomycota,Pestalotiopsis chamaeropis,0.028042236
OTU_24,2348.324736,474,E3,0.475178443,E_PCT3,CBS130859,Ascomycota,Hypocrea orientalis,0.023541631
OTU_25,0,775,E3,0.776926778,E_PCT3,,,,
OTU_26,1847.57902,0,E3,0,E_PCT3,CBS6965,Basidiomycota,Tremella aurantia,0.018521724
OTU_27,1329.566211,433,E3,0.43407651,E_PCT3,CBS100462,Ascomycota,Cladosporium sphaerospermum,0.013328717
OTU_28,2624.598234,169,E3,0.169420162,E_PCT3,CBS122753,Ascomycota,Neophaeomoniella zymoides,0.026311234
OTU_29,4489.444348,0,E3,0,E_PCT3,CBS121445,Ascomycota,Coniochaeta prunicola,0.045006059
OTU_3,5698.140904,0,E3,0,E_PCT3,CBS675.73,Chytridiomycota,Chytridium confervae,0.057123074
OTU_30,1286.398477,0,E3,0,E_PCT3,CBS130337,Ascomycota,Fusarium torulosum,0.012895967
OTU_31,2451.927298,0,E3,0,E_PCT3,CBS352,Ascomycota,Schizosaccharomyces pombe,0.024580232
OTU_32,4489.444348,0,E3,0,E_PCT3,CBS121445,Ascomycota,Coniochaeta prunicola,0.045006059
OTU_33,2331.057642,0,E3,0,E_PCT3,CBS388.52,Ascomycota,Botryotinia sp.,0.02336853
OTU_34,2451.927298,0,E3,0,E_PCT3,CBS352,Ascomycota,Schizosaccharomyces pombe,0.024580232
OTU_35,10014.91432,0,E3,0,E_PCT3,CBS110123,Ascomycota,Lecanicillium muscarium,0.100398131
OTU_36,7899.695344,27,E3,0.027067126,E_PCT3,CBS107.57,Basidiomycota,Suillus brevipes,0.079193353
OTU_37,2797.269171,0,E3,0,E_PCT3,CBS116499,Ascomycota,Seimatosporium lonicerae,0.051064566
OTU_38,906.5224165,0,E3,0,E_PCT3,CBS119120,Ascomycota,Trichoderma theobromicola,0.009087762
OTU_39,5093.792626,0,E3,0,E_PCT3,CBS116499,Ascomycota,Seimatosporium lonicerae,0.051064566
OTU_4,10187.58525,3850,E3,3.859571738,E_PCT3,CBS251.37,Basidiomycota,Panaeolina foenisecii,0.102129133
OTU_40,2451.927298,0,E3,0,E_PCT3,CBS352,Ascomycota,Schizosaccharomyces pombe,0.024580232
OTU_41,4489.444348,0,E3,0,E_PCT3,CBS121445,Ascomycota,Coniochaeta prunicola,0.045006059
OTU_42,4575.779817,362,E3,0.362899992,E_PCT3,CBS7744,Ascomycota,Metschnikowia agaves,0.04587156
OTU_43,1329.566211,2,E3,0.002004972,E_PCT3,CBS100462,Ascomycota,Cladosporium sphaerospermum,0.013328717
OTU_44,0,8,E3,0.008019889,E_PCT3,,,,
OTU_45,1329.566211,11,E3,0.011027348,E_PCT3,CBS100462,Ascomycota,Cladosporium sphaerospermum,0.013328717
OTU_46,2451.927298,5,E3,0.005012431,E_PCT3,CBS352,Ascomycota,Schizosaccharomyces pombe,0.024580232
OTU_47,2227.45508,4,E3,0.004009945,E_PCT3,CBS385.35,Ascomycota,Xylaria mali,0.022329929
OTU_48,2451.927298,33,E3,0.033082043,E_PCT3,CBS352,Ascomycota,Schizosaccharomyces pombe,0.024580232
OTU_49,794.2863078,4,E3,0.004009945,E_PCT3,CBS161.73,Ascomycota,Epicoccum nigrum,0.00796261
OTU_5,4575.779817,7061,E3,7.078554816,E_PCT3,CBS7744,Ascomycota,Metschnikowia agaves,0.04587156
OTU_50,4403.10888,8,E3,0.008019889,E_PCT3,CBS158.61,Ascomycota,Acremonium kiliense,0.044140557
OTU_51,1286.398477,0,E3,-0.002004972,E_PCT3,CBS130337,Ascomycota,Fusarium torulosum,0.012895967
OTU_52,1286.398477,7,E3,0.007017403,E_PCT3,CBS100462,Ascomycota,Cladosporium sphaerospermum,0.013328717
OTU_53,1286.398477,14,E3,0.014034806,E_PCT3,CBS130337,Ascomycota,Fusarium torulosum,0.012895967
OTU_54,4489.444348,6,E3,0.006014917,E_PCT3,CBS121445,Ascomycota,Coniochaeta prunicola,0.045006059
OTU_55,906.5224165,12,E3,0.012029834,E_PCT3,CBS119120,Ascomycota,Trichoderma theobromicola,0.009087762
OTU_6,5093.792626,3003,E3,3.010465956,E_PCT3,CBS116499,Ascomycota,Seimatosporium lonicerae,0.051064566
OTU_7,871.9882292,4442,E3,4.453043548,E_PCT3,CBS107930,Basidiomycota,Hericium abietis,0.008741561
OTU_8,1847.57902,3668,E3,3.677119256,E_PCT3,CBS6965,Basidiomycota,Tremella aurantia,0.018521724
OTU_9,1286.398477,6377,E3,6.392854279,E_PCT3,CBS130337,Ascomycota,Fusarium torulosum,0.012895967
