Species,Unique ID,E_load,Leaf_ID,Method,Trial_date_pathogen,Trial_start_time,Trial_end_pathogen,Treatment_Ctrl_Pathogen,Damage_area,Leaf_area,Analyzer,Date,ImageJ_link,,Notes
DYPTE,T1_E-_DYP_20,E-,D,Unpierced,6/29/2019,9:00 AM,7/3/2019,control,21.267,336.333,MD,9.27.19,https://drive.google.com/file/d/1NfoQvdmwrAKUmQRA3gYMIFr8I3yDGesE/view?usp=sharing,,
DYPTE,T1_E-_DYP_20,E-,D,Unpierced,6/29/2019,9:00 AM,7/3/2019,pathogen,98.466,341.569,LM,9.27.19,https://drive.google.com/file/d/1FcViBWlObUkasNOaLMYZMisFJxUhv5Sl/view?usp=sharing,,
DYPTE,T1_E+_DYP_21,E+,D,Unpierced,6/29/2019,9:00 AM,7/3/2019,control,30.639,451.233,MD,9.27.19,https://drive.google.com/file/d/1MwRosLrmsxNFBd7-Ef_oKqkKa-UUyet7/view?usp=sharing,,
DYPTE,T1_E+_DYP_21,E+,D,Unpierced,6/29/2019,9:00 AM,7/3/2019,pathogen,189.929,498.089,LM,9.27.19,https://drive.google.com/file/d/1vCbNilDeHkaLR66QmpAHjZXjoQJ_BjVG/view?usp=sharing,,
DYPTE,T2_E-_DYP_22,E-,D,Unpierced,6/29/2019,9:00 AM,7/3/2019,control,7.127,477.922,MD,9.27.19,https://drive.google.com/file/d/1MT4C-cMONeV3uwm4javLobF9YmUsZeib/view?usp=sharing,,
DYPTE,T2_E-_DYP_22,E-,D,Unpierced,6/29/2019,9:00 AM,7/3/2019,pathogen,61.876,419.014,LM,9.27.19,https://drive.google.com/file/d/1cvc79XRgCIAHZGKbqiFF3FT36USiiohp/view?usp=sharing,,
DYPTE,T2_E+_DYP_23,E+,D,Unpierced,6/29/2019,9:00 AM,7/3/2019,control,59.465,357.796,LM,9.30.19,https://drive.google.com/file/d/16qgvHNbVIa-IoPszSZ876xfqT1TBEsJE/view?usp=sharing,,
DYPTE,T2_E+_DYP_23,E+,D,Unpierced,6/29/2019,9:00 AM,7/3/2019,pathogen,17.075,323.761,LM,9.30.19,https://drive.google.com/file/d/1RRjWjaoDXkpK8Tzydk_mvtlP_ZGVkgqV/view?usp=sharing,,
DYPTE,T3_E-_DYP_24,E-,D,Unpierced,7/1/2019,9:00 AM,7/5/2019,control,84.899,492.763,LM,9.30.19,https://drive.google.com/file/d/1wmG_DJC6PAm1MoZ9aDUmqj5PfBrKCI49/view?usp=sharing,,
DYPTE,T3_E-_DYP_24,E-,D,Unpierced,7/1/2019,9:00 AM,7/5/2019,pathogen,122.099,461.42,LM,9.30.19,https://drive.google.com/file/d/1LTywyhCNnf55qISGt4qNU_A5fTsGgwZa/view?usp=sharing,,
DYPTE,T3_E+_DYP_25,E+,D,Unpierced,7/1/2019,9:00 AM,7/5/2019,control,38.18,297.304,LM,9.30.19,https://drive.google.com/file/d/1Mo2ZORXSILcdueUp7-uT07wGl0NrrFY9/view?usp=sharing,,
DYPTE,T3_E+_DYP_25,E+,D,Unpierced,7/1/2019,9:00 AM,7/5/2019,pathogen,26.098,286.105,LM,9.30.19,https://drive.google.com/file/d/1CnuWL33b6uR6BSlKDV9S6-11WypAtws4/view?usp=sharing,,
DYPTE,T4_E-_DYP_26,E-,D,Unpierced,7/1/2019,9:00 AM,7/5/2019,control,40.908,432.893,LM,9.30.19,https://drive.google.com/file/d/12E30jyb9OkmtK-6z05U3q_-nOwmC0ei8/view?usp=sharing,,
DYPTE,T4_E-_DYP_26,E-,D,Unpierced,7/1/2019,9:00 AM,7/5/2019,pathogen,86.1,301.268,LM,9.30.19,https://drive.google.com/file/d/1J54DcvXVTDl77FTnK5B_7uKXMM5lq4TL/view?usp=sharing,,
DYPTE,T4_E+_DYP_27,E+,D,Unpierced,7/1/2019,9:00 AM,7/5/2019,control,89.147,503.101,LM,9.30.19,https://drive.google.com/file/d/1AUfnVL8ABo3RnjKq5Z70BwMmWq31p7cA/view?usp=sharing,,
DYPTE,T4_E+_DYP_27,E+,D,Unpierced,7/1/2019,9:00 AM,7/5/2019,pathogen,186.436,483.769,LM,9.30.19,https://drive.google.com/file/d/1BY5NgscvhT-98R0kG7DLoOAXL1M-YIbx/view?usp=sharing,,
DYPTE,T5_E-_DYP_28,E-,D,Unpierced,7/7/2019,9:00 AM,7/11/2019,control,33.311,363.849,LM,9.30.19,https://drive.google.com/file/d/1EL14ZdymL2UtdEvteR0nL0qPsWJCNcwj/view?usp=sharing,,
DYPTE,T5_E-_DYP_28,E-,D,Unpierced,7/7/2019,9:00 AM,7/11/2019,pathogen,58.781,326.938,LM,9.30.19,https://drive.google.com/file/d/1s5MH4lA2Ut0uJw4_yNm7G8ie7mBoOND8/view?usp=sharing,,
DYPTE,T5_E+_DYP_29,E+,D,Unpierced,7/7/2019,9:00 AM,7/11/2019,control,77.191,476.647,LM,9.30.19,https://drive.google.com/file/d/1qhfZq_iQT1i4Zv17RhPMjgMQh14WERw-/view?usp=sharing,,
DYPTE,T5_E+_DYP_29,E+,D,Unpierced,7/7/2019,9:00 AM,7/11/2019,pathogen,161.821,436.157,LM,9.30.19,https://drive.google.com/file/d/1GU5muEB-IG9HDsCoRdxqjiyPc7ELeAre/view?usp=sharing,,
LACPA,T1_E-_LAC_20,E-,D,Unpierced,7/7/2019,9:00 AM,7/11/2019,control,12.7,391.184,MD,10.7.19,https://drive.google.com/file/d/1cYhbS0BoPgBeCIemMly31b8oRQRmga3E/view?usp=sharing,,
LACPA,T1_E-_LAC_20,E-,D,Unpierced,7/7/2019,9:00 AM,7/11/2019,pathogen,73.46,331.654,MD,10.7.19,https://drive.google.com/file/d/1qxlMBcwR5CUZjPFrGLm8zCsvNgs6gJN0/view?usp=sharing,,
LACPA,T1_E+_LAC_21,E+,D,Unpierced,7/7/2019,9:00 AM,7/11/2019,control,0,277.44,MD,10.7.19,https://drive.google.com/file/d/1Buc_bgfGHEN21fI8OiB5H1BjEHpfcXLw/view?usp=sharing,,
LACPA,T1_E+_LAC_21,E+,D,Unpierced,7/7/2019,9:00 AM,7/11/2019,pathogen,97.767,407.58,MD,10.7.19,https://drive.google.com/file/d/1TxOEAjv-9xIky1xNR7rNLYB-L7J85zSs/view?usp=sharing,,
LACPA,T2_E-_LAC_22,E-,D,Unpierced,7/7/2019,1:00 PM,7/11/2019,control,5.134,547.157,MD,10.7.19,https://drive.google.com/file/d/10Ate_HtXhFCUypdvqzTuwbriP3X_etD9/view?usp=sharing,,
LACPA,T2_E-_LAC_22,E-,D,Unpierced,7/7/2019,1:00 PM,7/11/2019,pathogen,137.196,448.806,MD,10.7.19,https://drive.google.com/file/d/1peZF--Wm3k1unklXBWlsQh3AR75PiT5Z/view?usp=sharing,,
LACPA,T2_E+_LAC_23,E+,D,Unpierced,7/7/2019,1:00 PM,7/11/2019,control,5.601,422.31,MD,10.7.19,https://drive.google.com/file/d/1bo95NyuqFCmBN4qFudXZalmR0OSlEt_c/view?usp=sharing,,
LACPA,T2_E+_LAC_23,E+,D,Unpierced,7/7/2019,1:00 PM,7/11/2019,pathogen,96.675,253.381,MD,10.7.19,https://drive.google.com/file/d/1eCgPdi5pwWAasbYILudLFxTJ6LD95-ZJ/view?usp=sharing,,
LACPA,T3_E-_LAC_24,E-,D,Unpierced,7/7/2019,1:00 PM,7/11/2019,control,8.282,418.024,MD,10.7.19,https://drive.google.com/file/d/12fhzak5scZpME1cvTr_SITufI3Sf2lIh/view?usp=sharing,,
LACPA,T3_E-_LAC_24,E-,D,Unpierced,7/7/2019,1:00 PM,7/11/2019,pathogen,92.216,706.295,MD,10.7.19,https://drive.google.com/file/d/1_HEfe7Tl6rsi8sMxHTcinRlaZGUwAeBX/view?usp=sharing,,
LACPA,T3_E+_LAC_25,E+,D,Unpierced,7/7/2019,1:00 PM,7/11/2019,control,23.992,413.978,MD,10.16.19,https://drive.google.com/file/d/1n-B-1oTjr1c8A4s2yx7EFjtc40j5kgRD/view?usp=sharing,,
LACPA,T3_E+_LAC_25,E+,D,Unpierced,7/7/2019,1:00 PM,7/11/2019,pathogen,116.356,577.023,MD,10.16.19,https://drive.google.com/file/d/1gY-diu51O78br14oqUm3p3NBxNCpcXk1/view?usp=sharing,,
LACPA,T4_E-_LAC_26,E-,D,Unpierced,7/9/2019,8:00 AM,7/13/2019,control,0,413.652,MD,10.16.19,https://drive.google.com/file/d/13oFRjy6VL1PeCv436MsdDLReW9kf9YBf/view?usp=sharing,,
LACPA,T4_E-_LAC_26,E-,D,Unpierced,7/9/2019,8:00 AM,7/13/2019,pathogen,36.156,227.125,MD,10.16.19,https://drive.google.com/open?id=1yOHuc5hownJMnyRWP0I3LAvrKNOLe3Q5,,
LACPA,T4_E+_LAC_27,E+,D,Unpierced,7/9/2019,8:00 AM,7/13/2019,control,0,155.64,MD,10.16.19,https://drive.google.com/open?id=1g90F1VD_dS34ZGq6vbPH90t85X27HlWA,,
LACPA,T4_E+_LAC_27,E+,D,Unpierced,7/9/2019,8:00 AM,7/13/2019,pathogen,46.414,579.89,MD,10.16.19,https://drive.google.com/open?id=1SkbsXMcIofe150k5rc3XKIlURrDs2MSw,,
LACPA,T5_E-_LAC_28,E-,D,Unpierced,7/9/2019,11:00 AM,7/13/2019,control,4.71,557.327,MD,10.16.19,https://drive.google.com/open?id=1OCPzWe6wsJx4U9ZCPSs_gq6CV00cvSVj,,
LACPA,T5_E-_LAC_28,E-,D,Unpierced,7/9/2019,11:00 AM,7/13/2019,pathogen,139.546,386.513,MD,10.16.19,https://drive.google.com/open?id=1RxFZYwnTs0Y0tUxrn-Lmem_Rz8QENwh4,,
LACPA,T5_E+_LAC_29,E+,D,Unpierced,7/9/2019,11:00 AM,7/13/2019,control,2.473,505.404,MD,10.16.19,https://drive.google.com/open?id=1cCE3Ur0Z9maoNSvI0VV1UIlyZJFKUon8,,
LACPA,T5_E+_LAC_29,E+,D,Unpierced,7/9/2019,11:00 AM,7/13/2019,pathogen,155.542,644.339,MD,10.16.19,https://drive.google.com/open?id=1EQOdYL1R5MInV4BRH7AP57vRvoxW3ipg,,
THEOCA,T1_E-_THEO_20,E-,D,Unpierced,7/11/2019,9:00 AM,7/16/2019,control,11.409,1870.798,MD,11.01.19,https://drive.google.com/open?id=1DeO7mC26zcR_tsZf1g3Gy4oaSuVUMOjt,,
THEOCA,T1_E-_THEO_20,E-,D,Unpierced,7/11/2019,9:00 AM,7/16/2019,,,,MD,11.01.19,no pathogen,,no pathogen
THEOCA,T1_E+_THEO_21,E+,D,Unpierced,7/11/2019,9:00 AM,7/16/2019,control,78.658,1206.536,MD,11.01.19,https://drive.google.com/open?id=1DMM3qnQjFHJLv916Dd3jWjDwykhovy0L,,
THEOCA,T1_E+_THEO_21,E+,D,Unpierced,7/11/2019,9:00 AM,7/16/2019,pathogen,117.675,1091.57,MD,11.06.19,https://drive.google.com/open?id=1_q7ChMuNRh2pvBoq48l53CgbcOl9_CtA,,
THEOCA,T2_E-_THEO_22,E-,D,Unpierced,7/11/2019,9:00 AM,7/16/2019,,,,MD,11.06.19,no control,,no control
THEOCA,T2_E-_THEO_22,E-,D,Unpierced,7/11/2019,9:00 AM,7/16/2019,pathogen,12.524,1092.88,MD,11.06.19,https://drive.google.com/open?id=1hxlCnzAWG4WFq7pQRoaA6T-Gax14L5y2,,
THEOCA,T2_E+_THEO_23,E+,D,Unpierced,7/11/2019,9:00 AM,7/16/2019,control,22.68,1328.251,MD,11.06.19,https://drive.google.com/open?id=13-SMoiCNy3XnUbewXhopjXvbdk5vycdD,,
THEOCA,T2_E+_THEO_23,E+,D,Unpierced,7/11/2019,9:00 AM,7/16/2019,pathogen,79.307,1047.495,MD,11.06.19,https://drive.google.com/open?id=1IEejYXbG0F3pQxM7b-QT0-4RXOZEARs3,,
THEOCA,T3_E-_THEO_24,E-,D,Unpierced,7/11/2019,1:00 PM,7/16/2019,control,13.184,2644.25,MD,11.06.19,https://drive.google.com/open?id=1QiwZSm-8LUXymnjIu1I_xmOyCTNbotes,,
THEOCA,T3_E-_THEO_24,E-,D,Unpierced,7/11/2019,1:00 PM,7/16/2019,pathogen,430.606,2491.7,MD,11.06.19,https://drive.google.com/open?id=1VyRx-vTXyP2jbfVS49rAwK4iZ6B8q8zt,,
THEOCA,T3_E+_THEO_25,E+,D,Unpierced,7/11/2019,1:00 PM,7/16/2019,control,17.518,1163.711,MD,11.06.19,https://drive.google.com/open?id=10HS1g3UDUOC7v35rgACmMzIr5H7orSGx,,
THEOCA,T3_E+_THEO_25,E+,D,Unpierced,7/11/2019,1:00 PM,7/16/2019,pathogen,188.347,853.056,MD,11.06.19,https://drive.google.com/open?id=1TNpoZnviUSX7_oe6dwYbfuiQOFWL3sLg,,
THEOCA,T4_E-_THEO_26,E-,D,Unpierced,7/11/2019,1:00 PM,7/16/2019,control,41.121,2179.785,MD,11.06.19,https://drive.google.com/open?id=19vnjPicFqz0pQ-pSnGWcChsJ_TKO2NNO,,
THEOCA,T4_E-_THEO_26,E-,D,Unpierced,7/11/2019,1:00 PM,7/16/2019,pathogen,100.077,2505.041,MD,11.06.19,https://drive.google.com/open?id=1Nns3_oNuT-AI-s5Nb93j1TSoecF98W9b,,
THEOCA,T4_E+_THEO_27,E+,D,Unpierced,7/11/2019,1:00 PM,7/16/2019,control,19.013,710.638,MD,11.06.19,https://drive.google.com/open?id=1viNl12YJozj1WceNHNG7vDGlAMZ83DCo,,
THEOCA,T4_E+_THEO_27,E+,D,Unpierced,7/11/2019,1:00 PM,7/16/2019,pathogen,174.432,835.42,MD,11.06.19,https://drive.google.com/open?id=1tIIDZFu9HPyoYyZf-kGoNZ4oSnvLoBDG,,
THEOCA,T5_E-_THEO_28,E-,D,Unpierced,7/14/2019,9:00 PM,7/18/2019,control,2.29,2640.974,MD,11.06.19,https://drive.google.com/open?id=1anDQmovqazCU3yQAt12ncs3_bywi5fsT,,
THEOCA,T5_E-_THEO_28,E-,D,Unpierced,7/14/2019,9:00 PM,7/18/2019,pathogen,30.383,2760.671,MD,11.06.19,https://drive.google.com/open?id=1_6z-5ti2cKid5ZiVLN4ek34qk5qKsL2d,,
THEOCA,T5_E+_THEO_29,E+,D,Unpierced,7/14/2019,9:00 PM,7/18/2019,control,10.054,628.287,MD,11.06.19,https://drive.google.com/open?id=19FmKUfRrNblnJrR3PamUEydeveXEewwb,,
THEOCA,T5_E+_THEO_29,E+,D,Unpierced,7/14/2019,9:00 PM,7/18/2019,pathogen,44.957,1739.996,MD,11.06.19,https://drive.google.com/open?id=167-BD-2tsO5Odylx4f-Hm1fwLLhJulDY,,
CHRYCA,T1_E-_CHRY_20,E-,D,Unpierced,7/14/2019,2:00 PM,7/18/2019,control,4.585,341.541,MD,10.23.19,https://drive.google.com/open?id=1TIQle3yisWfNWsZ8vikWgEEmxCQV0JTu,,
CHRYCA,T1_E-_CHRY_20,E-,D,Unpierced,7/14/2019,2:00 PM,7/18/2019,pathogen,7.088,430.434,MD,10.23.19,https://drive.google.com/open?id=121rm3lrYIKsdsSrjQ_UXfn0RkU48_eQ8,,
CHRYCA,T1_E+_CHRY_21,E+,D,Unpierced,7/14/2019,2:00 PM,7/18/2019,control,20.145,514.969,MD,10.23.19,https://drive.google.com/open?id=1vpMB9hDaiTOYRcgFlUvVP-2X6HwbCIZV,,
CHRYCA,T1_E+_CHRY_21,E+,D,Unpierced,7/14/2019,2:00 PM,7/18/2019,pathogen,44.986,915.32,MD,10.23.19,https://drive.google.com/open?id=1Doh3LQmJwEDSK_1udKGMoyHXkJgdNUHK,,
CHRYCA,T2_E-_CHRY_22,E-,D,Unpierced,7/14/2019,2:00 PM,7/18/2019,control,3.696,926.763,MD,10.23.19,https://drive.google.com/open?id=1tskRTdGc6urvx-iuhPBv4XjjwtgED8UO,,
CHRYCA,T2_E-_CHRY_22,E-,D,Unpierced,7/14/2019,2:00 PM,7/18/2019,pathogen,17.643,325.791,MD,10.23.19,https://drive.google.com/open?id=1Fqyif21mTmCzxSDK888p_v_S24WiCK6o,,
CHRYCA,T2_E+_CHRY_23,E+,D,Unpierced,7/14/2019,2:00 PM,7/18/2019,control,1.559,394.01,MD,10.23.19,https://drive.google.com/open?id=1383FU90NCRX4U5nhw6y-g_3Y2frF2wa3,,
CHRYCA,T2_E+_CHRY_23,E+,D,Unpierced,7/14/2019,2:00 PM,7/18/2019,pathogen,49.282,1451.083,MD,10.23.19,https://drive.google.com/open?id=1dEaIL3MldIZhALLye3grsTiOQgd2VE90,,
CHRYCA,T3_E-_CHRY_24,E-,D,Unpierced,7/15/2019,9:00 AM,7/19/2019,control,10.316,784.923,MD,10.25.19,https://drive.google.com/open?id=1-8IifFznwk1sxMpHXpZIUrmgS5gdZ8RW,,
CHRYCA,T3_E-_CHRY_24,E-,D,Unpierced,7/15/2019,9:00 AM,7/19/2019,pathogen,30.306,731.033,MD,10.25.19,https://drive.google.com/open?id=10aDBD65dFoJSPRNxAxwTj5xDXtctFWpM,,
CHRYCA,T3_E+_CHRY_25,E+,D,Unpierced,7/15/2019,9:00 AM,7/19/2019,control,10.397,530.467,MD,10.25.19,https://drive.google.com/open?id=160DyYZa2eo8TxQGiJqveZbJpv07rYLGC,,
CHRYCA,T3_E+_CHRY_25,E+,D,Unpierced,7/15/2019,9:00 AM,7/19/2019,pathogen,20.116,50.389,MD,10.25.19,https://drive.google.com/open?id=1ABgLXZhx_0MJinMjY8FH3cPvCg3Mz2MU,,
CHRYCA,T4_E-_CHRY_26,E-,D,Unpierced,7/15/2019,9:00 AM,7/19/2019,control,26.537,605.245,MD,10.25.19,https://drive.google.com/open?id=1du5ksjl5VKU_q3CM526CXite5t8KhUOX,,
CHRYCA,T4_E-_CHRY_26,E-,D,Unpierced,7/15/2019,9:00 AM,7/19/2019,pathogen,10.122,568.139,MD,10.25.19,https://drive.google.com/open?id=1Hu04TXMHYXU7EHnEAfX_9eBPToefJ049,,
CHRYCA,T4_E+_CHRY_27,E+,D,Unpierced,7/15/2019,9:00 AM,7/19/2019,control,11.032,711.601,MD,10.25.19,https://drive.google.com/open?id=1Z3ScdlFwcEWy3j14u9FcucEh-Yo01VP-,,
CHRYCA,T4_E+_CHRY_27,E+,D,Unpierced,7/15/2019,9:00 AM,7/19/2019,pathogen,56.703,593.427,MD,10.25.19,https://drive.google.com/open?id=19BMc-TEfbSx-szuWaNZePtP9ZJ_6lC73,,
CHRYCA,T5_E-_CHRY_28,E-,D,Unpierced,7/15/2019,1:00 PM,7/19/2019,control,21.886,777.643,MD,10.25.19,https://drive.google.com/open?id=1TFP21HW8TGrINK7RmK0o3p8Zc8hG77kl,,
CHRYCA,T5_E-_CHRY_28,E-,D,Unpierced,7/15/2019,1:00 PM,7/19/2019,pathogen,147.176,811.815,MD,10.25.19,https://drive.google.com/open?id=1II4-O7GRXWk8Wl15VtHUaeIoG4W7k5N1,,
CHRYCA,T5_E+_CHRY_29,E+,D,Unpierced,7/15/2019,1:00 PM,7/19/2019,control,1.082,1481.5,MD,10.25.19,https://drive.google.com/open?id=1UHvm-4XmvAQ7xiOKqDJwzzgrBJOMe9fB,,
CHRYCA,T5_E+_CHRY_29,E+,D,Unpierced,7/15/2019,1:00 PM,7/19/2019,pathogen,30.828,902.064,MD,10.25.19,https://drive.google.com/open?id=1skXVYW2j1CGzovsl79SPezzjbq9IoL7w,,
APEIME,T1_E-_APE_20,E-,D,,7/30/2019,,8/3/2019,control,0.73,528.898,LM,9.30.19,https://drive.google.com/file/d/1y8Ytl3-vFcVgHAN9ZgZXsTBlrGkpGC8r/view?usp=sharing,,
APEIME,T1_E-_APE_20,E-,D,,7/30/2019,,8/3/2019,pathogen,281.685,694.448,LM,9.30.19,https://drive.google.com/file/d/1o97LyXleuhP_bFWKXhyE-GTeW7FE9GJz/view?usp=sharing,,
APEIME,T1_E+_APE_21,E+,D,,7/30/2019,,8/3/2019,control,63.157,809.828,LM,9.30.19,https://drive.google.com/file/d/1U0qTbKzzphah67cD3lXo8OTjJ2nujlMv/view?usp=sharing,,
APEIME,T1_E+_APE_21,E+,D,,7/30/2019,,8/3/2019,pathogen,291.106,911.495,LM,9.30.19,https://drive.google.com/file/d/1s7G8rGEjQvO3KclAEKBIrHjjQgBFgB07/view?usp=sharing,,
APEIME,T2_E-_APE_22,E-,D,,7/30/2019,,8/3/2019,control,58.663,810.629,LM,9.30.19,https://drive.google.com/file/d/1ummmYD6z49c5HAIbq3w-mo2HoNHNSEwL/view?usp=sharing,,
APEIME,T2_E-_APE_22,E-,D,,7/30/2019,,8/3/2019,pathogen,235.546,900.404,LM,9.30.19,https://drive.google.com/file/d/17NjJY5bDYNUkIu2HooQ5kcjbRwNZ6G-S/view?usp=sharing,,
APEIME,T2_E+_APE_23,E+,D,,7/30/2019,,8/3/2019,control,0,773.23,LM,9.30.19,https://drive.google.com/file/d/1camgy4lqJjrxz1eoPiOwvn1qfwT5ggJW/view?usp=sharing,glare removed section of leaf; I  traced that part by hand to complete measurement,
APEIME,T2_E+_APE_23,E+,D,,7/30/2019,,8/3/2019,pathogen,151.39,680.312,LM,9.30.19,https://drive.google.com/file/d/1ZtAQ9JVzpccWuHfsKhEqtT7oxeQ4_tc7/view?usp=sharing,,
APEIME,T3_E-_APE_24,E-,D,,7/30/2019,,8/3/2019,control,0,717.6,LM,9.30.19,https://drive.google.com/file/d/1EfBorrWEJndaNIvNRHODDDD45ueVgiVk/view?usp=sharing,,
APEIME,T3_E-_APE_24,E-,D,,7/30/2019,,8/3/2019,pathogen,188.679,776.565,LM,9.30.19,https://drive.google.com/file/d/1iu8i4nF9pyp_QqAbtLLaw11h9WlUNQet/view?usp=sharing,threshold cut off leaf tip; I  traced that part by hand to complete measurement,
APEIME,T3_E+_APE_25,E+,D,,7/30/2019,,8/3/2019,control,16.364,500.875,LM,9.30.19,https://drive.google.com/file/d/1dCnaZb6dA97rs8pbkolZtCwv8VRX6MG2/view?usp=sharing,,
APEIME,T3_E+_APE_25,E+,D,,7/30/2019,,8/3/2019,pathogen,301.717,467.174,LM,9.30.19,https://drive.google.com/file/d/1oDzDRxNRZvQ75QB5T0cjW_fWPp3rWzaW/view?usp=sharing,threshold cut off chunk of leaf; I traced that part by hand to complete measurement,
APEIME,T4_E-_APE_26,E-,D,,7/30/2019,,8/3/2019,control,115.463,478.893,LM,9.30.19,https://drive.google.com/file/d/1NqsceOntw9GnzNsHaoTgUzpUHgvrrkMF/view?usp=sharing,,
APEIME,T4_E-_APE_26,E-,D,,7/30/2019,,8/3/2019,pathogen,232.804,545.372,LM,9.30.19,https://drive.google.com/file/d/1nC0lyJivee1w4FydmY0Yb9JttQLwDAlV/view?usp=sharing,,
APEIME,T4_E+_APE_27,E+,D,,7/30/2019,,8/3/2019,control,486.912,486.912,LM,9.30.19,https://drive.google.com/file/d/1a4uZnIMMc8ZOVeV1AxtRMQSLjNXWXm3x/view?usp=sharing,,not sure what is damage area. The Damage area is the whole leaf -BAR 10/6/2022
APEIME,T4_E+_APE_27,E+,D,,7/30/2019,,8/3/2019,pathogen,124.125,589.981,LM,9.30.19,https://drive.google.com/file/d/1CSpgiTFYRPzPwX3zlE_VjMCR_H35w_10/view?usp=sharing,,
APEIME,T5_E-_APE_28,E-,D,,7/30/2019,,8/3/2019,control,0,863.675,LM,9.30.19,https://drive.google.com/file/d/1J5a93WTybp1wFC05gHy7-R0dzu6LM800/view?usp=sharing,,
APEIME,T5_E-_APE_28,E-,D,,7/30/2019,,8/3/2019,pathogen,,,LM,9.30.19,control only,,
APEIME,T5_E+_APE_29,E+,D,,7/30/2019,,8/3/2019,control,25.95,396.14,LM,9.30.19,https://drive.google.com/file/d/1CzWiPv6gqJAfTI7If-kwmHDnlYlsAfRL/view?usp=sharing,,
APEIME,T5_E+_APE_29,E+,D,,7/30/2019,,8/3/2019,pathogen,,,LM,9.30.19,control only,,
HEISCO,T1_E-_HEI_20,E-,D,,7/23/2019,,7/27/2019,control,2.878,1267.94,MD,11.13.19,https://drive.google.com/open?id=1dRpqS5GzrQ4DdksFfHP0_mzHpChu76Ft,,
HEISCO,T1_E-_HEI_20,E-,D,,7/23/2019,,7/27/2019,pathogen,0,1509.221,MD,11.13.19,https://drive.google.com/open?id=1EZaEPm9Gmc8ofs1z-Fht5e8Tg03TDbem,,
HEISCO,T1_E+_HEI_21,E+,D,,7/23/2019,,7/27/2019,control,0,1658.36,MD,11.13.19,https://drive.google.com/open?id=13cssnLzn082MMiVRPt4TlKHmO43Pg7mj,,
HEISCO,T1_E+_HEI_21,E+,D,,7/23/2019,,7/27/2019,pathogen,45.153,1279.847,MD,11.13.19,https://drive.google.com/open?id=1rxjoYAwyhtaDEoLwmzwCImu_MSKtHxXc,,
HEISCO,T2_E-_HEI_22,E-,D,,7/23/2019,,7/27/2019,control,0,819.782,MD,11.13.19,https://drive.google.com/open?id=1KKii7vqdVMmApOM-3YS0QsKh8L0vXWXr,,
HEISCO,T2_E-_HEI_22,E-,D,,7/23/2019,,7/27/2019,pathogen,6.727,913.176,MD,11.13.19,https://drive.google.com/open?id=19eCqI_Bd14GPGTVzjHriPmOcOGenPQ-PC,,
HEISCO,T2_E+_HEI_23,E+,D,,7/23/2019,,7/27/2019,control,0,432.227,MD,11.13.19,https://drive.google.com/open?id=1yK2UD_cGP59FbbvKQMFXRo0dFw2oCGtN,,
HEISCO,T2_E+_HEI_23,E+,D,,7/23/2019,,7/27/2019,pathogen,25.199,511.841,MD,11.13.19,https://drive.google.com/open?id=1iz6BwfdsLx7NmKbB4QnusJkSBQ3gEvvW,,
HEISCO,T3_E-_HEI_24,E-,D,,7/25/2019,,7/29/2019,control,9.978,949.116,LM,10.28.19,https://drive.google.com/file/d/1c4eYqA0uGGGpBj3gnPqLrlY2V6OPVyPz/view?usp=sharing,,
HEISCO,T3_E-_HEI_24,E-,D,,7/25/2019,,7/29/2019,pathogen,10.02,786.89,LM,10.28.19,https://drive.google.com/file/d/1L5ftUE7qaT9FOS0o_HSGM8js-LioRvcn/view?usp=sharing,,
HEISCO,T3_E+_HEI_25,E+,D,,7/25/2019,,7/29/2019,control,9.492,1554.125,MD,11.13.19,https://drive.google.com/open?id=1xuwK-cZW3cPUTiia4d1xsS3d5a009fJe,,
HEISCO,T3_E+_HEI_25,E+,D,,7/25/2019,,7/29/2019,pathogen,120.325,959.33,MD,11.13.19,https://drive.google.com/open?id=1auzQHA95ujJWzH9QWH4zXrv4EnCrGsRp,,
HEISCO,T4_E-_HEI_26,E-,D,,7/25/2019,,7/29/2019,control,2.999,613.457,MD,11.13.19,https://drive.google.com/open?id=18xkJE1O8aVl0bZzFunxaxKRJrDhM8fbd,,
HEISCO,T4_E-_HEI_26,E-,D,,7/25/2019,,7/29/2019,pathogen,137.714,814.003,MD,11.13.19,https://drive.google.com/open?id=1VSC2PzZpgjnUyVzT4sI0X62Y59PhDzls,,
HEISCO,T4_E+_HEI_27,E+,D,,7/25/2019,,7/29/2019,control,11.569,1019.691,MD,11.13.19,https://drive.google.com/open?id=1l1oK898A7UOxSRzyI8hLw7PYJIqpL0EN,,
HEISCO,T4_E+_HEI_27,E+,D,,7/25/2019,,7/29/2019,pathogen,96.481,785.849,MD,11.13.19,https://drive.google.com/open?id=1ATn3XT1Qk37Ctzk_SBItvysg2Up1vOqj,,
HEISCO,T5_E-_HEI_28,E-,D,,7/25/2019,,7/29/2019,control,6.49,886.553,MD,11.13.19,https://drive.google.com/open?id=1F31cXicT3m0I3NUZMi6-AhBY8nOlVuK4,,
HEISCO,T5_E-_HEI_28,E-,D,,7/25/2019,,7/29/2019,pathogen,73.27,687.842,MD,11.13.19,https://drive.google.com/open?id=1_BEhM9eRdlyZT8hgeWgZv8UW0uq3bsVw,,
HEISCO,T5_E+_HEI_29,E+,D,,7/25/2019,,7/29/2019,control,4.221,403.278,MD,11.13.19,https://drive.google.com/open?id=1YryBsrL_SdnOLE2UtQ-1zbtwJnzK2xrV,,
HEISCO,T5_E+_HEI_29,E+,D,,7/25/2019,,7/29/2019,pathogen,7.277,381.335,MD,11.13.19,https://drive.google.com/open?id=1XDLDkIWcNtvyrjdSl-g0MqCerxL2WxOd,,
CORDAL,T1_E-_COR_20,E-,D,,7/30/2019,,8/3/2019,control,0,723.656,MD,10.30.19,https://drive.google.com/open?id=1yVjmnggeJInK1z_3yd_qUFcrcHHbL8Dp,,
CORDAL,T1_E-_COR_20,E-,D,,7/30/2019,,8/3/2019,pathogen,102.306,591.06,MD,10.30.19,https://drive.google.com/open?id=1k8nSM7L0aj4dAcu5s0twUcNzL6ZTXhRY,,
CORDAL,T1_E+_COR_21,E+,D,,7/30/2019,,8/3/2019,control,23.897,396.562,MD,10.30.19,https://drive.google.com/open?id=1wxHWH-EsU3IEiB9NjinHVtJeqVqz5O7q,,
CORDAL,T1_E+_COR_21,E+,D,,7/30/2019,,8/3/2019,pathogen,84.399,401.08,MD,10.30.19,https://drive.google.com/open?id=149kkaq0IhH9kIv-cA9BceIFj1Oo_MES9,,
CORDAL,T2_E-_COR_22,E-,D,,8/1/2019,,8/5/2019,control,32.543,510.102,MD,10.30.19,https://drive.google.com/open?id=1h1j3ACzwMQXxu1Lr84PQr0e90kfGbnwb,,
CORDAL,T2_E-_COR_22,E-,D,,8/1/2019,,8/5/2019,pathogen,110.452,699.982,MD,10.30.19,https://drive.google.com/open?id=1PFvC7OIGDBnx_ue3gKPiy-5Af808A0f8,,
CORDAL,T2_E+_COR_23,E+,D,,8/1/2019,,8/5/2019,control,0,596.434,MD,10.30.19,https://drive.google.com/open?id=1SqsSnCkXZBp9PjCdIOaWWHFnw8rpPPie,,
CORDAL,T2_E+_COR_23,E+,D,,8/1/2019,,8/5/2019,pathogen,77.392,947.156,MD,10.30.19,https://drive.google.com/open?id=1TYUhDjNmnFIhrxqxkN1LBXaaYHnIDZwE,,
CORDAL,T3_E-_COR_24,E-,D,,8/1/2019,,8/5/2019,control,0,785.607,MD,10.30.19,https://drive.google.com/open?id=1woltPxwIA_UrCws1eyLg8ZL_WIW4gmVt,,
CORDAL,T3_E-_COR_24,E-,D,,8/1/2019,,8/5/2019,pathogen,134.065,794.712,MD,10.30.19,https://drive.google.com/open?id=1riFF6fokqTfDegO8Km_IdDpJe2hRVllm,,
CORDAL,T3_E+_COR_25,E+,D,,8/1/2019,,8/5/2019,control,25.218,253.125,MD,10.30.19,https://drive.google.com/open?id=1fV4EVG3ZKvdI3BbijPm9e6C2pRbEqYrn,,
CORDAL,T3_E+_COR_25,E+,D,,8/1/2019,,8/5/2019,pathogen,165.246,335.474,MD,10.30.19,https://drive.google.com/open?id=1Sh4qg7RrDH06TM5-PYOzAbNidPa2VirV,,
CORDAL,T4_E-_COR_26,E-,D,,8/1/2019,,8/5/2019,control,22.695,288.875,MD,11.01.19,https://drive.google.com/open?id=1t0NIP3pg-h11N3dyTUpsPkocOk2FHDRV,,
CORDAL,T4_E-_COR_26,E-,D,,8/1/2019,,8/5/2019,pathogen,136.272,337.278,MD,11.01.19,https://drive.google.com/open?id=1xj8Y47C2vaS1Pi_TxBNCCGPoauFw3JTU,,
CORDAL,T4_E+_COR_27,E+,D,,8/1/2019,,8/5/2019,control,0,339.648,MD,11.01.19,https://drive.google.com/open?id=1J8DPWC5GI04IURsBa7asS5O8t8U6Vq67,,
CORDAL,T4_E+_COR_27,E+,D,,8/1/2019,,8/5/2019,pathogen,44.584,461.673,MD,11.01.19,https://drive.google.com/open?id=1xAUihi3KBTKH0LOnZzI0cCQYywqQAe6k,,
CORDAL,T5_E-_COR_28,E-,D,,8/1/2019,,8/5/2019,control,0,470.7,MD,11.01.19,https://drive.google.com/open?id=1ERiQpeGF62kFnJpYq_9TZO2olyWp4-mp,,
CORDAL,T5_E-_COR_28,E-,D,,8/1/2019,,8/5/2019,pathogen,67.663,474.754,MD,11.01.19,https://drive.google.com/open?id=1es6lamwuHPM_pf2mJFnTopZKaqUihTWD,,
CORDAL,T5_E+_COR_29,E+,D,,8/1/2019,,8/5/2019,control,50.305,629.375,MD,11.01.19,https://drive.google.com/open?id=1pK4vRsmsl_aMidsx7MJDarhmBVaAOq1p,,
CORDAL,T5_E+_COR_29,E+,D,,8/1/2019,,8/5/2019,pathogen,154.32,534.075,MD,11.01.19,https://drive.google.com/open?id=1eZHNcLuoRWi-vlKqeGUDcY4KZOUoMJRN,,
